<?xml version="1.0" encoding="UTF-8" standalone="yes"?>
<hs:sec xmlns:ha="http://www.hancom.co.kr/hwpml/2011/app"
    xmlns:hp="http://www.hancom.co.kr/hwpml/2011/paragraph"
    xmlns:hp10="http://www.hancom.co.kr/hwpml/2016/paragraph"
    xmlns:hs="http://www.hancom.co.kr/hwpml/2011/section"
    xmlns:hc="http://www.hancom.co.kr/hwpml/2011/core"
    xmlns:hh="http://www.hancom.co.kr/hwpml/2011/head"
    xmlns:hhs="http://www.hancom.co.kr/hwpml/2011/history"
    xmlns:hm="http://www.hancom.co.kr/hwpml/2011/master-page"
    xmlns:hpf="http://www.hancom.co.kr/schema/2011/hpf" xmlns:dc="http://purl.org/dc/elements/1.1/"
    xmlns:opf="http://www.idpf.org/2007/opf/"
    xmlns:ooxmlchart="http://www.hancom.co.kr/hwpml/2016/ooxmlchart"
    xmlns:hwpunitchar="http://www.hancom.co.kr/hwpml/2016/HwpUnitChar"
    xmlns:epub="http://www.idpf.org/2007/ops"
    xmlns:config="urn:oasis:names:tc:opendocument:xmlns:config:1.0">
    <hp:p id="2933439314" paraPrIDRef="13" styleIDRef="2" pageBreak="0" columnBreak="0" merged="0">
        <hp:run charPrIDRef="3">
            <hp:secPr id="" textDirection="HORIZONTAL" spaceColumns="1134" tabStop="8000"
                tabStopVal="4000" tabStopUnit="HWPUNIT" outlineShapeIDRef="0" memoShapeIDRef="0"
                textVerticalWidthHead="0" masterPageCnt="0">
                <hp:grid lineGrid="0" charGrid="0" wonggojiFormat="0" />
                <hp:startNum pageStartsOn="BOTH" page="0" pic="0" tbl="0" equation="0" />
                <hp:visibility hideFirstHeader="0" hideFirstFooter="0" hideFirstMasterPage="0"
                    border="SHOW_ALL" fill="SHOW_ALL" hideFirstPageNum="0" hideFirstEmptyLine="1"
                    showLineNumber="0" />
                <hp:lineNumberShape restartType="0" countBy="0" distance="0" startNumber="0" />
                <hp:pagePr landscape="WIDELY" width="59528" height="84188" gutterType="LEFT_ONLY">
                    <hp:margin header="2835" footer="2835" gutter="1417" left="7087" right="7087"
                        top="7087" bottom="4252" />
                </hp:pagePr>
                <hp:footNotePr>
                    <hp:autoNumFormat type="DIGIT" userChar="" prefixChar="" suffixChar=")"
                        supscript="0" />
                    <hp:noteLine length="-1" type="SOLID" width="0.12 mm" color="#000000" />
                    <hp:noteSpacing betweenNotes="852" belowLine="568" aboveLine="568" />
                    <hp:numbering type="CONTINUOUS" newNum="1" />
                    <hp:placement place="EACH_COLUMN" beneathText="0" />
                </hp:footNotePr>
                <hp:endNotePr>
                    <hp:autoNumFormat type="DIGIT" userChar="" prefixChar="" suffixChar=")"
                        supscript="0" />
                    <hp:noteLine length="0" type="NONE" width="0.12 mm" color="#000000" />
                    <hp:noteSpacing betweenNotes="0" belowLine="576" aboveLine="864" />
                    <hp:numbering type="CONTINUOUS" newNum="1" />
                    <hp:placement place="END_OF_DOCUMENT" beneathText="0" />
                </hp:endNotePr>
                <hp:pageBorderFill type="BOTH" borderFillIDRef="1" textBorder="PAPER"
                    headerInside="0" footerInside="0" fillArea="PAPER">
                    <hp:offset left="1417" right="1417" top="1417" bottom="1417" />
                </hp:pageBorderFill>
                <hp:pageBorderFill type="EVEN" borderFillIDRef="1" textBorder="PAPER"
                    headerInside="0" footerInside="0" fillArea="PAPER">
                    <hp:offset left="1417" right="1417" top="1417" bottom="1417" />
                </hp:pageBorderFill>
                <hp:pageBorderFill type="ODD" borderFillIDRef="1" textBorder="PAPER"
                    headerInside="0" footerInside="0" fillArea="PAPER">
                    <hp:offset left="1417" right="1417" top="1417" bottom="1417" />
                </hp:pageBorderFill>
            </hp:secPr>
            <hp:ctrl>
                <hp:colPr id="" type="NEWSPAPER" layout="LEFT" colCount="1" sameSz="1" sameGap="0" />
            </hp:ctrl>
        </hp:run>
        <hp:run charPrIDRef="3">
            <hp:t />
        </hp:run>
        <hp:linesegarray>
            <hp:lineseg textpos="0" vertpos="0" vertsize="1100" textheight="1100" baseline="935"
                spacing="660" horzpos="0" horzsize="43936" flags="393216" />
        </hp:linesegarray>
    </hp:p>
</hs:sec>